CI0419_Qmatic,rss00955_CI0419_qmatic,Microsoft Windows Server 2019 (64-bit)
CI0675_Xplore,eps00031_CI0675_xplore_app,Microsoft Windows Server 2019 (64-bit)
OPEN,rss00178_astreinte,Microsoft Windows Server 2012 (64-bit)
OPEN,windows10_2019_ltsc_webex,Microsoft Windows 10 (64-bit)
OPEN,pml00001,Linux 6.0.0-kali6-amd64 Kali GNU/Linux Rolling Kali GNU/Linux Rolling 2022.4
CI0394_PTAH,rss00952_CI0394_ptah_optiale,Microsoft Windows Server 2019 (64-bit)
CI0394_PTAH,rss00089_CI0394_ptah,Microsoft Windows Server 2012 (64-bit)
CI0394_PTAH,rss00088_CI0394_ptah_test,Microsoft Windows Server 2012 (64-bit)
CI0122_Citrix,rss01071_storefrontlan,Microsoft Windows Server 2022 (64-bit)
CI0122_Citrix,rss01072_storefrontlan,Microsoft Windows Server 2022 (64-bit)
RAILS,rss00935_rails_cparti,Ubuntu Linux (64-bit)
CI0632_Spark,rss01015_CI0632_spark_prod_bdd,CentOS 7 (64-bit)
CI0213_WebSMUR,rss00440_websmur,Microsoft Windows Server 2003 Standard (32-bit)
CI0486_WordPress,rss00838_CI0486_WordPress,Ubuntu Linux (64-bit)
CI0486_WordPress,rss00833_CI0486_Webcancero_Wordpress,Ubuntu Linux (64-bit)
CI0632_Spark,rss00584_CI0632_spark_test_conv,CentOS 7 (64-bit)
CI0669_Zenidoc,rss01059_CI0669_zenidoc_traitement,Microsoft Windows Server 2019 (64-bit)
CI0669_Zenidoc,rss01057_CI0669_zenidoc1,Ubuntu Linux (64-bit)
CI0669_Zenidoc,rss01058_CI0669_zenidoc2,Ubuntu Linux (64-bit)
CI0669_Zenidoc,rss00520_CI0669_zenidoc_poc,Microsoft Windows Server 2019 (64-bit)
CI0669_Zenidoc,rss00519_CI0669_zenidoc_poc,Ubuntu Linux (64-bit)
CI0399_Isilon,rss00423_CI0399_superna_eyeglass_lp15.4,SUSE openSUSE (64-bit)
CI0409_APC,D42-RC-17.02.00,CentOS 7 (64-bit)
CI0409_APC,centreon-central,
CI0409_APC,rss00900_CI0409_schneider_struxureware_dcexpert,CentOS 4/5/6 (64-bit)
CI0409_APC,majise,
CI0372_Easily,rts00001_easily_sql_prod,Microsoft Windows Server 2016 or later (64-bit)
CI0372_Easily,rts00003_easily_semantic_prod,
CI0372_Easily,rts00002_easily_applis_prod,Microsoft Windows Server 2016 or later (64-bit)
CI0138_NoyauSIH,rss00395_noyauSIH_GHT,Ubuntu Linux (64-bit)
CI0016_AssetPlusGMAO,rss00898_CI0016_assetplus,Microsoft Windows Server 2016 or later (64-bit)
CI0016_AssetPlusGMAO,rss00534_CI0016_assetplus_test,Microsoft Windows Server 2016 or later (64-bit)
EPERNAY,eps00037_CI0734_medinplus,Debian GNU/Linux 11 (64-bit)
CI0517_soplanning,rss00873_CI0517_soplanning,Ubuntu Linux (64-bit)
CI0021_BusinessObjects,rss00269_bods,Microsoft Windows Server 2008 R2 (64-bit)
CI0021_BusinessObjects,rss00892_CI0021_sap_bi,Microsoft Windows Server 2019 (64-bit)
CI0021_BusinessObjects,rss00893_CI0021_sap_bi_test,Microsoft Windows Server 2019 (64-bit)
CI0143_VMware,rss00344_CI0143_vmware_vcsa,VMware Photon OS (64-bit)
CI0405_Proofpoint,rss00030_CI0405_proofpoint_hft,Other 3.x Linux (64-bit)
CI0405_Proofpoint,rss00939_proofpoint-zimbra_ldap_proxy,Ubuntu Linux (64-bit)
CI0759_Eurocare,rss01036_CI0759_Eurocare_OBM,Microsoft Windows Server 2022 (64-bit)
CI0374_CAS,rss00886_CI0374_cas,Ubuntu Linux (64-bit)
CI0028_Chronos,rss01172_oracle_chronos_noeud2,Oracle Linux 8 (64-bit)
CI0028_Chronos,rss01171_oracle_chronos_noeud1,Oracle Linux 8 (64-bit)
CI0028_Chronos,rss00322_oracle_chronos_noeud2,Oracle Linux 4/5/6/7 (64-bit)
CI0028_Chronos,rss00321_oracle_chronos_noeud1,Oracle Linux 4/5/6/7 (64-bit)
CI0436_KMS,rss00256_microsoft_kms,Microsoft Windows Server 2022 (64-bit)
CI0027_Chimio,rss00507_CI0027_chimio_test_interfaces,Microsoft Windows Server 2022 (64-bit)
CI0349_Voozanoo,rss00926_CI0349_voozanoo,Ubuntu Linux (64-bit)
CI0349_Voozanoo,rss00016_voozanoo,Ubuntu Linux (64-bit)
CI0349_Voozanoo,rss00837_CI0349_voozanoo_neonat,Microsoft Windows Server 2012 (64-bit)
CI0349_Voozanoo,rss00926_restore,Ubuntu Linux (64-bit)
MANAGEMENT,erspan-ws,Microsoft Windows Server 2012 (64-bit)
MANAGEMENT,ntopng,Ubuntu Linux (64-bit)
CI0643_Gestion_Workflow_IIAS,rss00951_CI0643_gestion_workflow_iias,Ubuntu Linux (64-bit)
MANAGEMENT,rss00577_CI0000_cve_search,Ubuntu Linux (64-bit)
MANAGEMENT,rss01037_CI0000_ocs_inventory_test,Ubuntu Linux (64-bit)
CI0502_KpaxAgent,rss00890_CI0502_KpaxAgent,Microsoft Windows Server 2016 or later (64-bit)
RAILS,rss00395_noyauSIH_GHT_230306_102251,Ubuntu Linux (64-bit)
CI0412_GitLab,rss00207_gitlab,Ubuntu Linux (64-bit)
CI0037_Dream,rss00463_dreampasserelle,Microsoft Windows Server 2008 R2 (64-bit)
CI0037_Dream,rss00374_dreampasserelle_reprise_donnees,
CI0037_Dream,rss00464_dreampasserelle,Microsoft Windows Server 2008 R2 (64-bit)
CI0037_Dream,rss00094_dreampasserelle_test,Microsoft Windows Server 2008 R2 (64-bit)
CI0185_LABO_Serveur,rss00343_oracle_inlog,Oracle Linux 4/5/6/7 (64-bit)
elk,logstash-indexer-4,Ubuntu Linux (64-bit)
elk,logstash-indexer-3,Ubuntu Linux (64-bit)
elk,logstash-indexer-2,Ubuntu Linux (64-bit)
elk,logstash-indexer-1,Ubuntu Linux (64-bit)
CI0003_ActesGIP,rss00452_actestest,Microsoft Windows Server 2003 Standard (32-bit)
CI0003_ActesGIP,rss00074_serveurrecettage,Microsoft Windows Server 2003 Standard (32-bit)
CI0571_Airdmp,rss00925_CI0571_airdmp,Ubuntu Linux (64-bit)
CI0632_Spark,rss00581_CI0632_spark_test_app,CentOS 7 (64-bit)
CI0004_ActiveDirectory,rss00112_controleur_activedirectory_230306_102251,Microsoft Windows Server 2019 (64-bit)
CI0004_ActiveDirectory,rss00097_sql_easily_test_210602_135651,
CI0004_ActiveDirectory,rss00308_interface_easily_prod_210602_135651,Microsoft Windows Server 2012 (64-bit)
CI0004_ActiveDirectory,rss00112_controleur_activedirectory_210602_135651,
CI0004_ActiveDirectory,rss00060_dhcp1_230306_102251,Microsoft Windows Server 2012 (64-bit)
CI0004_ActiveDirectory,rss00818_easily_cie_201130_114730,Microsoft Windows Server 2012 (64-bit)
CI0004_ActiveDirectory,rss00060_dhcp1_210602_135651,
CI0004_ActiveDirectory,rss00307_traitement_easily_prod_210602_135651,
CI0004_ActiveDirectory,rss00305_web1_easily_prod_201130_114730,Microsoft Windows Server 2012 (64-bit)
CI0215_Centreon,rss00424_supervision_oracle,
CI0215_Centreon,rss00633_CI0215_centreon,Ubuntu Linux (64-bit)
CI0215_Centreon,rss00076_CI0215_centreon,
CI0215_Centreon,rss00424_CI0407_supervision_oracle,Oracle Linux 8 (64-bit)
CI0501_WatchDOC,rss01031_CI0501_watchdoc_appli,Microsoft Windows Server 2022 (64-bit)
MANAGEMENT,rss00965_cisco-dna-spaces-connector,CentOS 7 (64-bit)
CI0122_Citrix,rss00991_citrix_licence,Microsoft Windows Server 2019 (64-bit)
CI0602_Arkn_eds,rss00943_CI0602_arkhn_EDS_admin_2,Microsoft Windows Server 2019 (64-bit)
CI0602_Arkn_eds,rss00940_CI0602_arkhn_EDS_1_DATA,Ubuntu Linux (64-bit)
CI0602_Arkn_eds,rss00941_CI0602_arkhn_EDS_2_APP,Ubuntu Linux (64-bit)
CI0602_Arkn_eds,rss00942_CI0602_arkhn_EDS_Pre-Prod,Ubuntu Linux (64-bit)
CI0602_Arkn_eds,rss00940new_CI0602_EDS_data,Ubuntu Linux (64-bit)
CI0144_Diamic,rss00563_CI0144_diamic_passerelle_test,Microsoft Windows Server 2019 (64-bit)
CI0144_Diamic,rss00562_CI0144_diamic_impression_test,Microsoft Windows Server 2019 (64-bit)
CI0144_Diamic,rss00518_CI0144_diamic_test,Microsoft Windows Server 2012 (64-bit)
RAILS,rss00205_rails4_DTAExplorer,Ubuntu Linux (64-bit)
RAILS,rss00350_CI0232_dtaexplorer_pgsql,Ubuntu Linux (64-bit)
RAILS,rss00852_CI0232_dtaexplorer,Ubuntu Linux (64-bit)
RAILS,rss00211_postgresql,Ubuntu Linux (64-bit)
CI0406_ServeurImpression,rss00091_impression,Microsoft Windows Server 2016 or later (64-bit)
CI0648_Easycall,rss00953_CI0648_easycall,Microsoft Windows Server 2019 (64-bit)
CI0525_Burlodge,rss00874_CI0525_burlodge,Microsoft Windows Server 2019 (64-bit)
CI0375_ownCloud,rss00024_owncloud,CentOS 4/5/6 (64-bit)
CI0284_Infectio_Maldi,rss00221_CI0284_infectio_maldi,Microsoft Windows Server 2008 (32-bit)
CI0284_Infectio_Maldi,rss00221_CI0284_infectiomaldi,Microsoft Windows Server 2012 (64-bit)
CI0176_Limesurvey,rss00021_limesurvey,
CI0110_Urqual,rss00346_interface_urqual7,Microsoft Windows Server 2003 Standard (32-bit)
CI0110_Urqual,rss00347_rpu_urqual,Microsoft Windows Server 2003 Standard (32-bit)
CI0110_Urqual,rss00218_testrpu_urqual,Microsoft Windows Server 2003 Standard (32-bit)
CI0110_Urqual,rss00217_test_interface_urqual7,Microsoft Windows Server 2003 Standard (32-bit)
CI0549_Valab,rss00906_CI0549_valab,Microsoft Windows Server 2016 or later (64-bit)
CI0143_VMware,rss00809_CI0143_vmware_vsphere_replication,Other 3.x Linux (64-bit)
CI0815_OnlineSuiteplus,rss01068_CI0815_braun_onlinesuiteplus,Ubuntu Linux (64-bit)
RAILS,rss00543_CI0503_elk_dev,Ubuntu Linux (64-bit)
RAILS,win10prokikan,Microsoft Windows 10 (64-bit)
CI0040_Emagh2,ght00001_CI0040_eMagh2_GHT_prod,Red Hat Enterprise Linux 7 (64-bit)
CI0040_Emagh2,ght00002_CI0040_eMagh2_GHT_test,Red Hat Enterprise Linux 7 (64-bit)
CI0013_Archimed,rss00465_archimed,Microsoft Windows Server 2003 Standard (32-bit)
CI0019_Biztalk,rss00148_sql1_biztalk,Microsoft Windows Server 2016 or later (64-bit)
CI0019_Biztalk,rss00149_sql2_biztalk,Microsoft Windows Server 2016 or later (64-bit)
CI0530_ArkHN,rss00319_CI0530_arkhn_archive_millennium,Ubuntu Linux (64-bit)
CI0374_CAS,rss00886_CI0374_cas_230306_102251,Ubuntu Linux (64-bit)
EPERNAY,eps00012_gfi_winm9,Microsoft Windows Server 2019 (64-bit)
CI0026_Centaure15,rss00261_oracle_centaure15_noeud1,Oracle Linux 6 (64-bit)
CI0026_Centaure15,rss00262_oracle_centaure15_noeud2,Oracle Linux 6 (64-bit)
CI0779_POCcelerator,rss01040_CI0779_poccelerator_mssql,Microsoft Windows Server 2019 (64-bit)
TEST,centreon-central,
TEST,centreon-poller-1,
TEST,centreon-poller-2,
TEST,centreon-db,
TEST,centreon-poller-dmz-1,
CI0708_Astre,rss00979_CI0708_astre,Ubuntu Linux (64-bit)
CI0154_Spacelabs,rss00137_CI0154_spacelabs_ics,Microsoft Windows Server 2012 (64-bit)
CI0288_MedianeTutelle,rss00142_CI0288_medianetutelle,Microsoft Windows Server 2003 Standard (32-bit)
CI0122_Citrix,rss00957_PVS_2,Microsoft Windows Server 2019 (64-bit)
CI0122_Citrix,rss00937_PVS_1,Microsoft Windows Server 2019 (64-bit)
CI0399_Isilon,isi-toolbox,Ubuntu Linux (64-bit)
CI0199_Obtraceview,rss00333_CI0199_ibe_bd,
CI0199_Obtraceview,rss00330_CI0199_isp_appli,Microsoft Windows Server 2012 (64-bit)
CI0199_Obtraceview,rss00360_CI0199_externe,Microsoft Windows Server 2012 (64-bit)
CI0199_Obtraceview,rss00331_CI0199_dac_acquisition,Microsoft Windows Server 2012 (64-bit)
CI0199_Obtraceview,rss00332_CI0199_rdsh_rdpi,Microsoft Windows Server 2012 (64-bit)
CI0021_BusinessObjects,rss00215_oracle_bo_divers,Oracle Linux 4/5/6/7 (64-bit)
CI0163_Futurskill,rss00367_elearning_prd,Microsoft Windows Server 2003 Standard (32-bit)
CI0163_Futurskill,rss00368_elearning_test,Microsoft Windows Server 2003 Standard (32-bit)
CI0813_AMS,rss01065_CI0813_AMS_nokia_workstation,Microsoft Windows Server 2022 (64-bit)
CI0632_Spark,rss01011_CI0632_spark_prod_app,CentOS 7 (64-bit)
CI0739_Dosilab,rss00454_CI0739_dosilab,Microsoft Windows Server 2019 (64-bit)
CI0216_Newac,rss00014_newac,Microsoft Windows Server 2008 R2 (64-bit)
CI0216_Newac,rss00253_CI0216_newac,Microsoft Windows Server 2016 or later (64-bit)
CI0216_Newac,rss00404_CI0216_newac,
CI0772_Polytex,rss01039_CI0772_Polytex,Microsoft Windows Server 2022 (64-bit)
CI0425_Prodige,rss00291_oracle_prodige_noeud1,Oracle Linux 6 (64-bit)
CI0425_Prodige,rss00292_oracle_prodige_noeud2,Oracle Linux 6 (64-bit)
CI0544_Bastion,rss00224_CI0544_wallix_RDS,Microsoft Windows Server 2019 (64-bit)
elk,logstash-shipper-1,Ubuntu Linux (64-bit)
elk,logstash-shipper-2,Ubuntu Linux (64-bit)
CI0437_Odonto,rss00214_CI0437_odonto,Ubuntu Linux (64-bit)
CI0019_Biztalk,rss00575_CI0019_Biztalk2020_Test,Microsoft Windows Server 2019 (64-bit)
CI0019_Biztalk,rss00073_biztalk2016_test,Microsoft Windows Server 2012 (64-bit)
CI0290_eCRF,rss00147_CI0290_ecrf,Ubuntu Linux (64-bit)
CI0161_Zimbra,interface_zimbra,Ubuntu Linux (64-bit)
CI0410_Avamar,rss00097_sql_easily_test_210602_135651,
CI0410_Avamar,windows10_2019_ltsc_webex,Microsoft Windows 10 (64-bit)
CI0544_Bastion,rss00479_CI0544_wallix_bastion1,Debian GNU/Linux 10 (64-bit)
CI0544_Bastion,rss00480_CI0544_wallix_bastion2,Debian GNU/Linux 10 (64-bit)
CI0216_Newac,ays00001_CI0216_newac,Microsoft Windows Server 2019 (64-bit)
CI0734_medinplus,rss00993_CI0734_medinplus,Debian GNU/Linux 11 (64-bit)
CI0624_GrowthXP,rss00950_CI0624_growthxp,Microsoft Windows Server 2019 (64-bit)
CI0494_Scality,scality-remote,Microsoft Windows Server 2022 (64-bit)
NETWORK_CENTRIC,testxp,Microsoft Windows XP Professional (32-bit)
NETWORK_CENTRIC,rss00501_cernerdb,Oracle Linux 4/5/6/7 (64-bit)
NETWORK_CENTRIC,rss00559_oracle_diane_logipren,Oracle Linux 4/5/6/7 (64-bit)
NETWORK_CENTRIC,rss01192_oracle_diane_noeud2,Oracle Linux 6 (64-bit)
NETWORK_CENTRIC,rss01191_oracle_diane_noeud1,Oracle Linux 6 (64-bit)
NETWORK_CENTRIC,rss00412_oracle_sim_noeud2,Oracle Linux 4/5 (64-bit)
NETWORK_CENTRIC,rss00411_oracle_sim_noeud1,Oracle Linux 4/5 (64-bit)
NETWORK_CENTRIC,rss00341_oracle_inlog_noeud1,Oracle Linux 4/5/6/7 (64-bit)
NETWORK_CENTRIC,rss00274_oracle_winrest_noeud1,Oracle Linux 6 (64-bit)
NETWORK_CENTRIC,rss00276_oracle_winrest_noeud2,Oracle Linux 6 (64-bit)
NETWORK_CENTRIC,rss00342_oracle_inlog_noeud2,Oracle Linux 4/5/6/7 (64-bit)
NETWORK_CENTRIC,rss00042_citrix_inlog,
NETWORK_CENTRIC,rss00667_citrix_inlog,
NETWORK_CENTRIC,rss00707_citrix_inlog,
NETWORK_CENTRIC,rss00407_citrix_deliverycontroller1,Microsoft Windows Server 2012 (64-bit)
NETWORK_CENTRIC,rss00029_citrix_inlog,
NETWORK_CENTRIC,rss00002_citrix_formation,Microsoft Windows Server 2008 R2 (64-bit)
NETWORK_CENTRIC,rss00245_citrix_deliverycontroller2,
NETWORK_CENTRIC,rss00668_citrixdatacollector,Microsoft Windows Server 2008 R2 (64-bit)
NETWORK_CENTRIC,rss00724_citrix_inlog,
NETWORK_CENTRIC,rss00003_citrix_IE11_test,Microsoft Windows Server 2008 R2 (64-bit)
NETWORK_CENTRIC,vm-mast-cerner,Microsoft Windows Server 2008 R2 (64-bit)
NETWORK_CENTRIC,rss00003_citrix_dream_actes_test,Microsoft Windows Server 2008 R2 (64-bit)
CI0238_GuideLabo,rss00420_CI0238_guide_labo,Ubuntu Linux (32-bit)
CI0202_Panorama,rss00247_CI0202_panorama,Microsoft Windows Server 2003 Standard (32-bit)
CI0202_Panorama,rss00249_CI0202_panorama,Microsoft Windows Server 2003 Standard (32-bit)
CI0202_Panorama,rss00494_CI0202_panorama_labo,Ubuntu Linux (64-bit)
CI0202_Panorama,rss00945_CI0202_panorama_divers,Microsoft Windows Server 2019 (64-bit)
CI0202_Panorama,rss00136_CI0202_Panorama,Microsoft Windows Server 2016 or later (64-bit)
CI0202_Panorama,rss00863_CI0202_Panorama,Microsoft Windows Server 2016 or later (64-bit)
CI0202_Panorama,rss00063_CI0202_Panorama,Microsoft Windows Server 2016 or later (64-bit)
CI0202_Panorama,rss00213_CI0202_panorama,Microsoft Windows Server 2003 Standard (32-bit)
CI0202_Panorama,rss00560_CI0202_Panorama_test,Microsoft Windows Server 2019 (64-bit)
CI0003_ActesGIP,rss00359_oracle_actes_noeud2,Oracle Linux 4/5/6/7 (64-bit)
CI0003_ActesGIP,rss00357_oracle_actes_noeud1,Oracle Linux 4/5/6/7 (64-bit)
CI0442_Pastel,rss00474_CI0442_pastel_admin_mipih,Microsoft Windows Server 2008 R2 (64-bit)
CI0105_Sygid,rss00883_CI0105_sygid,Microsoft Windows Server 2019 (64-bit)
CI0477_IBM_HMC,rss00438_ibm_vHMC,
CI0262_Aladin,rss01111_oracle_aladin_noeud1,Oracle Linux 8 (64-bit)
CI0262_Aladin,rss01112_oracle_aladin_noeud2,Oracle Linux 8 (64-bit)
CI0262_Aladin,rss00376_oracle_aladin_noeud1,Oracle Linux 6 (64-bit)
CI0262_Aladin,rss00378_oracle_aladin_noeud2,Oracle Linux 6 (64-bit)
CI0165_Imprivata_OneSign,sso-b1-usn_CI0165_imprivata,SUSE Linux Enterprise 12 (64-bit)
CI0165_Imprivata_OneSign,sso-l1-bc_CI0165_imprivata,SUSE Linux Enterprise 12 (64-bit)
CI0483_Nuance,rss00803_CI0483_nuance_dms2,Microsoft Windows Server 2016 or later (64-bit)
CI0483_Nuance,rss00802_CI0483_nuance_dms1,Microsoft Windows Server 2016 or later (64-bit)
CI0483_Nuance,rss00804_CI0483_nuance_nms,Microsoft Windows Server 2016 or later (64-bit)
MANAGEMENT,rss00812_xormon,Red Hat Enterprise Linux 6 (64-bit)
CI0779_POCcelerator,rss01041_CI0779_poccelerator_application,Microsoft Windows Server 2019 (64-bit)
TEST,rss00546_oracle_urqual_test_v8,Oracle Linux 6 (64-bit)
TEST,rss01142_oracle_inlog_noeud2,Oracle Linux 8 (64-bit)
TEST,rss01151_oracle_diane_noeud1,Oracle Linux 8 (64-bit)
TEST,rss01063_oracle_web100t_eds,Oracle Linux 8 (64-bit)
TEST,rss01064_oracle_pastel_eds,Oracle Linux 8 (64-bit)
TEST,rss01152_oracle_diane_noeud2,Oracle Linux 8 (64-bit)
TEST,rss01141_oracle_inlog_noeud1,Oracle Linux 8 (64-bit)
CI0757_Viewpoint,rss01052_CI0757_viewpoint_cardio,Microsoft Windows Server 2019 (64-bit)
CI0547_Nextcloud,rss01007_CI0547_nextcloud_noeud1,Ubuntu Linux (64-bit)
CI0547_Nextcloud,rss01008_CI0547_nextcloud_noeud2,Ubuntu Linux (64-bit)
CI0547_Nextcloud,rss01009_CI0547_nextcloud_onlyoffice,Ubuntu Linux (64-bit)
CI0541_MOLacterium,rss01102_oracle_lactarium_noeud2,Oracle Linux 8 (64-bit)
CI0541_MOLacterium,rss00161_oracle_lactarium_noeud1,Oracle Linux 6 (64-bit)
CI0541_MOLacterium,rss00162_oracle_lactarium_noeud2,Oracle Linux 6 (64-bit)
CI0541_MOLacterium,rss01101_oracle_lactarium_noeud1,Oracle Linux 8 (64-bit)
CI0442_Pastel,ght00003_CI0442_pastel_GHT_prod,Red Hat Enterprise Linux 7 (64-bit)
CI0442_Pastel,ght00004_CI0442_pastel_GHT_test,Red Hat Enterprise Linux 7 (64-bit)
CI0214_OXE-Alcatel,rss00387_CI0214_sot_alcatel,Debian GNU/Linux 8 (64-bit)
CI0214_OXE-Alcatel,rss00459_CI0214_alcatel_otfc_fax,Microsoft Windows Server 2019 (64-bit)
CI0214_OXE-Alcatel,rss00451_CI0214_softpanel_alcatel,Microsoft Windows Server 2016 or later (64-bit)
CI0214_OXE-Alcatel,rss00228_CI0214_alcatel_afficheur,Microsoft Windows Server 2016 or later (64-bit)
CI0214_OXE-Alcatel,rss00458_CI0214_vaa_alcatel,
CI0214_OXE-Alcatel,rss00471_CI0214_OXE_alcatel,CentOS 4/5/6 (32-bit)
CI0214_OXE-Alcatel,rss00470_CI0124_otms_alcatel,SUSE Linux Enterprise 12 (64-bit)
CI0214_OXE-Alcatel,rss00056_CI0214_alcatel_8770_5_0,Microsoft Windows Server 2019 (64-bit)
CI0214_OXE-Alcatel,rss00458n_CI0214_vaa_alcatel,SUSE Linux Enterprise 12 (64-bit)
CI0214_OXE-Alcatel,rss00472_CI0214_OXE_alcatel,CentOS 4/5/6 (32-bit)
CI0501_WatchDOC,rss01032_CI0501_watchdoc_print1,Microsoft Windows Server 2022 (64-bit)
CI0501_WatchDOC,rss01034_CI0501_watchdoc_print3,Microsoft Windows Server 2022 (64-bit)
CI0501_WatchDOC,rss01033_CI0501_watchdoc_print2,Microsoft Windows Server 2022 (64-bit)
elk,es-toolbox,Ubuntu Linux (64-bit)
CI0501_WatchDOC,rss00891_CI0501_watchdoc,Microsoft Windows Server 2016 or later (64-bit)
CI0471_Demat_mipih,rss00857_CI0471_demat_webservice,Microsoft Windows Server 2012 (64-bit)
CI0471_Demat_mipih,rss00854_CI0471_demat_gestionnaire_02,Microsoft Windows Server 2012 (64-bit)
CI0471_Demat_mipih,rss00855_CI0471_demat_application_01,Microsoft Windows Server 2012 (64-bit)
CI0471_Demat_mipih,rss00856_CI0471_demat_application_02,Microsoft Windows Server 2012 (64-bit)
CI0471_Demat_mipih,rss00853_CI0471_demat_gestionnaire_01,Microsoft Windows Server 2012 (64-bit)
CI0387_CardioPass,rss00095_cardiopass,Microsoft Windows Server 2012 (64-bit)
CI0262_Aladin,rss00210_CI0262_aladin,
CI0407_Oracle,rss00634_console_oem,Oracle Linux 7 (64-bit)
CI0385_HmSte,rss00193_CI0385_hmste_c2617-sclite,Microsoft Windows Server 2008 R2 (64-bit)
CI0385_HmSte,rss00184_CI0385_hmste_c2617-am1,
CI0385_HmSte,rss00189_CI0385_hmste_apacheftp,
CI0385_HmSte,rss00188_CI0385_hmste_collecte,
CI0385_HmSte,rss00187_CI0385_hmste_c2617-amf,
CI0385_HmSte,rss00185_CI0385_hmste_c2617-am2,
CI0385_HmSte,rss00186_CI0385_hmste_c2617-amq,
CI0154_Spacelabs,rss01067_CI0154_spacelab_sentinel,Microsoft Windows Server 2019 (64-bit)
CI0028_Chronos,rss00564_oracle_chronos,Oracle Linux 8 (64-bit)
CI0028_Chronos,rss01172_oracle_chronos_noeud2,Oracle Linux 8 (64-bit)
CI0028_Chronos,rss01171_oracle_chronos_noeud1,Oracle Linux 8 (64-bit)
CI0028_Chronos,rss00322_oracle_chronos_noeud2,Oracle Linux 4/5/6/7 (64-bit)
CI0028_Chronos,rss00321_oracle_chronos_noeud1,Oracle Linux 4/5/6/7 (64-bit)
CI0377_Venus,rss00102_oracle_venus_noeud2,Oracle Linux 6 (64-bit)
CI0377_Venus,rss00101_oracle_venus_noeud1,Oracle Linux 6 (64-bit)
CI0143_VMware,rss00808_CI0143_vmware_nsx_manager,Ubuntu Linux (64-bit)
CI0767_Apitrak,rss01022_CI0767_apitrak_discovery_connect,Microsoft Windows Server 2019 (64-bit)
CI0767_Apitrak,rss01023_CI0767_apitrak_discovery_plateform,Ubuntu Linux (64-bit)
CI0293_Pharma,rss00508_CI0293_pharma_test_web,Ubuntu Linux (64-bit)
CI0407_Oracle,rss00635_oracle_oem,Oracle Linux 7 (64-bit)
CI0227_SQL_Server,rss01076_CI0227_SQL_Prod,Microsoft Windows Server 2022 (64-bit)
CI0227_SQL_Server,rss01075_CI0227_SQL_Prod,Microsoft Windows Server 2022 (64-bit)
CI0227_SQL_Server,rss00303_sql1_prod,Microsoft Windows Server 2012 (64-bit)
CI0227_SQL_Server,rss00304_sql2_prod,Microsoft Windows Server 2012 (64-bit)
CI0435_Site_Internet_GHT,rss00349_CI0435_site_internet_ght,Ubuntu Linux (64-bit)
CI0790_Zippsafe,rss01050_CI0790_zippsafe,Microsoft Windows Server 2022 (64-bit)
CI0643_Gestion_Workflow_IIAS,rss00944_CI0643_IIAS_dev_1,Ubuntu Linux (64-bit)
CI0493_Virtuo,rss00815_CI0493_virtuo_myla,Microsoft Windows Server 2019 (64-bit)
CI0528_SRI,rss00872_CI0528_SRI_prod,
CI0528_SRI,rss00572_CI0528_SRI_test,
CI0003_ActesGIP,rss00359_oracle_actes_noeud2,Oracle Linux 4/5/6/7 (64-bit)
CI0003_ActesGIP,rss00357_oracle_actes_noeud1,Oracle Linux 4/5/6/7 (64-bit)
CI0072_Ordelinge,rss00254_ordelinge,Microsoft Windows Server 2008 R2 (64-bit)
CI0072_Ordelinge,rss00041_CI0072_applisdivers,Microsoft Windows 2000 Server
CI0143_VMware,rss00045_CI0143_dell_emc_powerpath,SUSE Linux Enterprise 12 (64-bit)
CI0632_Spark,rss00585_CI0632_spark_test_bdd,CentOS 7 (64-bit)
CI0291_XFrame,rss00336_oracle_xcics_noeud1,Oracle Linux 6 (64-bit)
CI0291_XFrame,rss00339_oracle_xcics_noeud2,Oracle Linux 6 (64-bit)
elk,rabbitmq-2,Ubuntu Linux (64-bit)
elk,rabbitmq-1,Ubuntu Linux (64-bit)
elk,logstash-tmp,Ubuntu Linux (64-bit)
elk,logstash-olfeo,Ubuntu Linux (64-bit)
CI0510_MindrayTelemetrie,rss00864_CI0510_smartlinkegateway,Microsoft Windows Server 2022 (64-bit)
CI0407_Oracle,rss00239_oracle_rman,Oracle Linux 6 (64-bit)
CI0410_Avamar,ave-usn-proxy-1,SUSE Linux Enterprise 12 (64-bit)
CI0410_Avamar,ave-usn-proxy-3,SUSE Linux Enterprise 12 (64-bit)
CI0410_Avamar,ave-usn-proxy-2,SUSE Linux Enterprise 12 (64-bit)
elk,zenlb-1,
elk,zenlb-2,
CI0494_Scality,scality-supervisor,CentOS 6 (64-bit)
CI0385_HmSte,rss00181_oracle_hmste_noeud1,Oracle Linux 6 (64-bit)
CI0385_HmSte,rss00182_oracle_hmste_noeud2,Oracle Linux 6 (64-bit)
CI0372_Easily,rss00911_CI0372_easilyhybrid_sql,Microsoft Windows Server 2016 or later (64-bit)
CI0372_Easily,rss00914_CI0372_easilyhybrid_interface,Microsoft Windows Server 2016 or later (64-bit)
CI0372_Easily,rss00913_CI0372_easilyhybrid_traitement,Microsoft Windows Server 2016 or later (64-bit)
CI0372_Easily,rss00912_CI0372_easilyhybrid_frontal,Microsoft Windows Server 2016 or later (64-bit)
CI0372_Easily,rss00556_CI0372_easilyhybrid_frontal_test,Microsoft Windows Server 2016 or later (64-bit)
CI0372_Easily,rss00555_CI0372_easilyhybrid_sql_test,Microsoft Windows Server 2016 or later (64-bit)
CI0372_Easily,rss00557_CI0372_easilyhybrid_trt_int_test,Microsoft Windows Server 2016 or later (64-bit)
CI0506_Stanley,eps00005_CI0506_stanley_aeroscout,Microsoft Windows Server 2016 or later (64-bit)
CI0506_Stanley,eps00006_CI0506_stanley_mobileview,Microsoft Windows Server 2016 or later (64-bit)
CI0506_Stanley,eps00008_CI0506_sql_stanley_mobileview,Microsoft Windows Server 2016 or later (64-bit)
CI0541_MOLacterium,rss01102_oracle_lactarium_noeud2,Oracle Linux 8 (64-bit)
CI0541_MOLacterium,rss00161_oracle_lactarium_noeud1,Oracle Linux 6 (64-bit)
CI0541_MOLacterium,rss00162_oracle_lactarium_noeud2,Oracle Linux 6 (64-bit)
CI0541_MOLacterium,rss01101_oracle_lactarium_noeud1,Oracle Linux 8 (64-bit)
CI0528_SRI,rss00822_oracle_sri_noeud2,Oracle Linux 6 (64-bit)
CI0528_SRI,rss00821_oracle_sri_noeud1,Oracle Linux 6 (64-bit)
CI0262_Aladin,rss01111_oracle_aladin_noeud1,Oracle Linux 8 (64-bit)
CI0262_Aladin,rss01112_oracle_aladin_noeud2,Oracle Linux 8 (64-bit)
CI0262_Aladin,rss00376_oracle_aladin_noeud1,Oracle Linux 6 (64-bit)
CI0262_Aladin,rss00378_oracle_aladin_noeud2,Oracle Linux 6 (64-bit)
CI0505_Matomo,rss00843_CI0505_matomo,Ubuntu Linux (64-bit)
MANAGEMENT,rss01045_CI0000_ansible,Ubuntu Linux (64-bit)
passerelle,RestaurationBureautique,Microsoft Windows Server 2022 (64-bit)
passerelle,majise_restauration,Microsoft Windows Server 2022 (64-bit)
passerelle,kali_restauration,Linux 6.1.0-kali5-amd64 Kali GNU/Linux Rolling Kali GNU/Linux Rolling 2023.1
CI0052_Gesform,rss00894_CI0370_gesform_rh_sender,Microsoft Windows Server 2019 (64-bit)
CI0426_Diane,rss00121_oracle_diane_noeud1,Oracle Linux 4/5/6/7 (64-bit)
CI0426_Diane,rss00122_oracle_diane_noeud2,Oracle Linux 4/5/6/7 (64-bit)
CI0022_Canada,rss00233_oracle_actesbo_canada,
CI0534_Gemcel,rss00887_CI0534_gemcel,Microsoft Windows Server 2019 (64-bit)
CI0185_LABO_Serveur,rss00859_CI0185_labo_hla,Microsoft Windows Server 2019 (64-bit)
CI0675_Xplore,eps00030_CI0675_xplore_bdd,Microsoft Windows Server 2019 (64-bit)
CI0503_Adele,rss00848_CI0503_adele,Ubuntu Linux (64-bit)
CI0503_Adele,rss00924_CI0503_adele_elk,Ubuntu Linux (64-bit)
TEST,rss00564_oracle_chronos,Oracle Linux 8 (64-bit)
TEST,rss01122_oracle_iws_noeud2,
TEST,rss01121_oracle_iws_noeud1,
TEST,rss01142_oracle_inlog_noeud2,Oracle Linux 8 (64-bit)
TEST,rss01151_oracle_diane_noeud1,Oracle Linux 8 (64-bit)
TEST,rss01152_oracle_diane_noeud2,Oracle Linux 8 (64-bit)
TEST,rss01141_oracle_inlog_noeud1,Oracle Linux 8 (64-bit)
CI0117_WMS,rss00132_CI0390_pixipro,Microsoft Windows Server 2012 (64-bit)
CI0117_WMS,rss00139_CI0117_wms_magasins_generaux,Microsoft Windows Server 2012 (64-bit)
RDP,rss00871_rds_gateway,Microsoft Windows Server 2019 (64-bit)
CI0032_Cristobal,rss00461_CI0032_cristobal,Microsoft Windows Server 2003 Standard (32-bit)
CI0337_DMP_Enovacom_Suite,rss00847_CI0337_dmp_enovacom_suite,Microsoft Windows Server 2016 or later (64-bit)
CI0124_eMuco,rss00212_emuco,Other 2.4.x Linux (32-bit)
CI0251_BRC-Lims,rss00475_CI0251_brc-lims,Ubuntu Linux (64-bit)
CI0251_BRC-Lims,rss00475_CI0251_brc-lims_220908_160227,Ubuntu Linux (64-bit)
CI0620_tdoc,rss00949_CI0620_T-doc,Microsoft Windows Server 2019 (64-bit)
CI0805_PTI_Blick_Stanley,rss01056_CI0805_pti_blick_stanley,Microsoft Windows Server 2022 (64-bit)
CI0283_Reco,rss00049_CI0283_reco,Microsoft Windows Server 2016 or later (64-bit)
CI0283_Reco,rss00587_CI0283_reco_test_2,Microsoft Windows Server 2016 or later (64-bit)
CI0385_HmSte,rss00181_oracle_hmste_noeud1,Oracle Linux 6 (64-bit)
CI0385_HmSte,rss00182_oracle_hmste_noeud2,Oracle Linux 6 (64-bit)
EPERNAY,eps00028_CI0199_Appli_rdp,Microsoft Windows Server 2019 (64-bit)
CI0547_Nextcloud,rss00905_CI0547_nextcloud,Ubuntu Linux (64-bit)
CI0547_Nextcloud,rss00907_CI0547_nextcloud_onlyoffice_22.04,Ubuntu Linux (64-bit)
CI0242_Medifirst_AMP,rss00498_CI0242_medifirst_amp,
CI0242_Medifirst_AMP,rss00499_CI0242_medifirst_amp_test,
CI0242_Medifirst_AMP,rss00571_CI0242_medifirst_amp_workstation,Microsoft Windows Server 2019 (64-bit)
CI0443_Ramses,rss00017_CI0443_ramses,Microsoft Windows Server 2016 or later (64-bit)
CI0232_DTA,rss01053_CI0232_dta3_elk,Ubuntu Linux (64-bit)
CI0777_PyxisInventoryConnect,rss01035_CI0777_PyxisInventoryConnect,Microsoft Windows Server 2022 (64-bit)
CI0636_ZAP,rss00954_CI0636_zap_prod,Microsoft Windows Server 2019 (64-bit)
CI0407_Oracle,rss00311_oracle_divers,Oracle Linux 4/5/6/7 (64-bit)
CI0410_Avamar,ave-usn_CI0410_avamar_ve_usn,SUSE Linux Enterprise 12 (64-bit)
elk,kibana,Ubuntu Linux (64-bit)
elk,grafana_elk,Ubuntu Linux (64-bit)
CI0329_Cardioreport,rss00234_CI0329_cardioreport,Microsoft Windows Server 2019 (64-bit)
CI0329_Cardioreport,rss00258_CI0329_cardioreport_test,Microsoft Windows Server 2019 (64-bit)
CI0287_MPLEvo,rss00414_mplevo2_sos,Microsoft Windows Server 2008 R2 (64-bit)
CI0287_MPLEvo,rss00413_mplevo2_prod,Microsoft Windows Server 2008 R2 (64-bit)
CI0003_ActesGIP,na7150dc_acteschu,Microsoft Windows Server 2003 Standard (32-bit)
CI0003_ActesGIP,kikan-actesgip,Microsoft Windows XP Professional (32-bit)
CI0442_Pastel,rss00354_CI0442_cloverleaf,CentOS 7 (64-bit)
CI0693_Omnicell,rss00972_CI0693_omnicell_prod,Microsoft Windows Server 2016 or later (64-bit)
EPERNAY,eps00052_CI0781_Axoncare,Microsoft Windows Server 2022 (64-bit)
CI0696_Clevernet,rss00978_CI0696_clevernet_bd_prod,Ubuntu Linux (64-bit)
CI0696_Clevernet,rss00977_CI0696_clevernet_spool_prod,Ubuntu Linux (64-bit)
CI0696_Clevernet,rss00973_CI0696_telemaintenance,Microsoft Windows Server 2019 (64-bit)
CI0696_Clevernet,rss00976_CI0696_clevernet_identity_prod,Ubuntu Linux (64-bit)
CI0696_Clevernet,rss00566_CI0696_clevernet_identity_preprod,Ubuntu Linux (64-bit)
CI0696_Clevernet,rss00567_CI0696_clevernet_spool_preprod,Ubuntu Linux (64-bit)
CI0696_Clevernet,rss00568_CI0696_clevernet_db_preprod,Ubuntu Linux (64-bit)
CI0604_Systevo_Call,rss00996_CI0604_ackermann_systevo_call,Ubuntu Linux (64-bit)
CI0197_Metafer,rss00938_CI0197_metafer,Microsoft Windows Server 2019 (64-bit)
RAILS,rss01038_dev,Ubuntu Linux (64-bit)
EPERNAY,eps00015_CI0378-EP_synapse_dicom,Microsoft Windows Server 2016 or later (64-bit)
EPERNAY,eps00013_CI0378-EP_synapse_oracle,Microsoft Windows Server 2016 or later (64-bit)
EPERNAY,eps00014_CI0378-EP_synapse_engine_hiis,Microsoft Windows Server 2016 or later (64-bit)
CI0632_Spark,rss01013_CI0632_spark_prod_store,CentOS 7 (64-bit)
CI0512_BPPREP,rss00867_CI0512_bpprep,Microsoft Windows Server 2016 or later (64-bit)
CI0512_BPPREP,rss00531_CI0512_bpprep_tst,Microsoft Windows Server 2016 or later (64-bit)
CI0459_Web100T,rss00281_oracle_web100t_noeud1,Oracle Linux 6 (64-bit)
CI0459_Web100T,rss00282_oracle_web100t_noeud2,Oracle Linux 6 (64-bit)
CI0426_Diane,rss00559_oracle_diane_logipren,Oracle Linux 4/5/6/7 (64-bit)
CI0426_Diane,rss00549_oracle_diane_form,Oracle Linux 6 (64-bit)
CI0426_Diane,rss00121_oracle_diane_noeud1,Oracle Linux 4/5/6/7 (64-bit)
CI0426_Diane,rss00122_oracle_diane_noeud2,Oracle Linux 4/5/6/7 (64-bit)
CI0606_Scanlab,rss00946_CI0606_scanlab,Microsoft Windows Server 2019 (64-bit)
CI0795_AGV,rss01048_CI0795_AGV_DSAutomotion,Microsoft Windows Server 2019 (64-bit)
GHT_CH,Vilnius_easily_sql_test_ch,Microsoft Windows Server 2012 (64-bit)
GHT_CH,Minsk,
GHT_CH,Varsovie,Microsoft Windows Server 2012 (64-bit)
CI0453_iServVision,rss00220_CI0453_iservvision,Microsoft Windows Server 2012 (64-bit)
CI0122_Citrix,rss01074_citrix_deliverycontroller,Microsoft Windows Server 2022 (64-bit)
CI0122_Citrix,rss01073_citrix_deliverycontroller,Microsoft Windows Server 2022 (64-bit)
Netscaler,rss00417_netscaler1_dmz_20230719,FreeBSD (64-bit)
Netscaler,rss00417_netscaler1_dmz_20221213,
CI0465_Prysm,rss00381_CI0465_prysm,Microsoft Windows Server 2016 or later (64-bit)
CI0326_IWS,rss00151_iws,
CI0099_Sidexis,rss00219_CI0099_sidexis,Microsoft Windows Server 2003 Standard (32-bit)
CI0407_Oracle,rss00503_oracle_goldengate_neodt,
CI0378_Synapse,rss00552_CI0378_synapse_v5_oracle_test,Microsoft Windows Server 2012 (64-bit)
CI0378_Synapse,rss00168_CI0378_synapse_teaching_files,Microsoft Windows Server 2012 (64-bit)
CI0378_Synapse,rss00170_CI0378_synapse_https_wave,Microsoft Windows Server 2012 (64-bit)
CI0378_Synapse,rss00169_CI0378_synapse_pacs_test,
CI0378_Synapse,rss00352_CI0378_synapse_v5_oracle,Microsoft Windows Server 2012 (64-bit)
CI0378_Synapse,rss00255_CI0378_synapse_v5_haproxy,CentOS 6 (64-bit)
CI0378_Synapse,rss00844_CI0378_synapse_v5_engine_dicom_hrd,Microsoft Windows Server 2012 (64-bit)
CI0378_Synapse,rss00850_CI0378_synapse_v5_engine_dmz,Microsoft Windows Server 2012 (64-bit)
CI0378_Synapse,rss00845_CI0378_synapse_v5_engine_dicom_hmb,Microsoft Windows Server 2012 (64-bit)
CI0378_Synapse,rss00441_CI0378_synapse_v5_hiis_interfaces,Microsoft Windows Server 2012 (64-bit)
CI0378_Synapse,rss00846_CI0378_synapse_v5_engine_dicom_amh,Microsoft Windows Server 2012 (64-bit)
CI0378_Synapse,rss00171_CI0378_synapse_workstation,Microsoft Windows 7 (64-bit)
CI0054_Hemadialyse,rss00225_CI0054_hemadialyse,Microsoft Windows Server 2008 R2 (64-bit)
CI0054_Hemadialyse,rss00889_CI0054_hemadialyse_hemadom,Microsoft Windows Server 2016 or later (64-bit)
CI0054_Hemadialyse,rss00265_CI0054_hemadialyse_test,Microsoft Windows Server 2008 R2 (64-bit)
RAILS,rss00345_developpement,Ubuntu Linux (64-bit)
RAILS,rss00835_rails_integration_continue,Ubuntu Linux (64-bit)
RAILS,rss00882_CI0138_passerelle_ssh,Microsoft Windows Server 2019 (64-bit)
RAILS,rss00486_CI0223_ioda_rails,Ubuntu Linux (64-bit)
RAILS,rss00456_rails_developpement_2,Ubuntu Linux (64-bit)
RAILS,rss00442_noyauSIH_GHT_dev,Ubuntu Linux (64-bit)
RAILS,pml00882_test_server_powershell,Microsoft Windows Server 2019 (64-bit)
elk,elasticsearch-2,Ubuntu Linux (64-bit)
elk,elasticsearch-7,Ubuntu Linux (64-bit)
elk,elasticsearch-4,Ubuntu Linux (64-bit)
elk,elasticsearch-8,Ubuntu Linux (64-bit)
elk,elasticsearch-3,Ubuntu Linux (64-bit)
elk,elasticsearch-1,Ubuntu Linux (64-bit)
elk,elasticsearch-6,Ubuntu Linux (64-bit)
elk,elasticsearch-5,Ubuntu Linux (64-bit)
CI0466_CeGIDD,rss00059_CI0466_cegidd,Ubuntu Linux (64-bit)
CI0173_GeneMapper,rss00866_CI0173_genemapper_v6_us,Microsoft Windows Server 2016 or later (64-bit)
CI0426_Diane,rss00123_CI0426_diane,Microsoft Windows Server 2012 (64-bit)
CI0494_Scality,scality-connector-02,CentOS 6 (64-bit)
CI0494_Scality,scality-connector-06,CentOS 6 (64-bit)
CI0494_Scality,scality-connector-01,CentOS 6 (64-bit)
CI0494_Scality,scality-connector-03,CentOS 6 (64-bit)
CI0494_Scality,scality-connector-05,CentOS 6 (64-bit)
CI0494_Scality,scality-connector-04,CentOS 6 (64-bit)
CI0383_SCCM,rss00932_CI0383_SCCM,Microsoft Windows Server 2019 (64-bit)
CI0383_SCCM,rss00106_CI0383_SCCM,Microsoft Windows Server 2016 (64-bit)
CI0778_WS_Internes,rss00805_webservices_nlb1,Microsoft Windows Server 2016 or later (64-bit)
CI0778_WS_Internes,rss00806_webservices_nlb2,Microsoft Windows Server 2016 or later (64-bit)
CI0243_Medifirst_Genetics,rss00497_CI0243_medifirst_genetics,CentOS 4/5/6 (64-bit)
CI0243_Medifirst_Genetics,rss00497_CI0243_medifirst_genetics_230503_091301,CentOS 4/5/6 (64-bit)
CI0243_Medifirst_Genetics,rss00238_CI0243_medifirst_genetics_test,CentOS 4/5/6 (64-bit)
CI0019_Biztalk,rss00148_sql1_biztalk,Microsoft Windows Server 2016 or later (64-bit)
CI0019_Biztalk,rss00124_eai_biztalk_noeud1,Microsoft Windows Server 2016 or later (64-bit)
CI0019_Biztalk,rss00125_eai_biztalk_noeud2,Microsoft Windows Server 2016 or later (64-bit)
CI0019_Biztalk,rss00149_sql2_biztalk,Microsoft Windows Server 2016 or later (64-bit)
CI0437_Odonto,mac-vocal-esxi,
CI0774_Lex-Persona,rss01026_CI0774_lex_persona_workflow,Ubuntu Linux (64-bit)
CI0774_Lex-Persona,rss00576_CI0774_lex_persona_workflow_test,Ubuntu Linux (64-bit)
CI0029_Clovis,rss00325_oracle_clovis_noeud2,Oracle Linux 6 (64-bit)
CI0029_Clovis,rss00324_oracle_clovis_noeud1,Oracle Linux 6 (64-bit)
CI0296_Ecosoft,rss00272_CI0296_ecosoft,Microsoft Windows Server 2012 (64-bit)
CI0429_Aqure,rss00086_CI0429_aqure,Microsoft Windows Server 2012 (64-bit)
CI0393_Titan,rss01051_CI0393_SQL_Titan,Microsoft Windows Server 2022 (64-bit)
CI0400_QL,rss00135_CI0400_ql_pgsql,Other 4.x or later Linux (64-bit)
GHT_AV,AVI-TS,Microsoft Windows Server 2012 (64-bit)
CI0446_Romexis,rss00329_CI0446_romexis,Microsoft Windows Server 2012 (64-bit)
CI0479_Softalmo,rss00051_CI0479_softalmo_prod_sql,Microsoft Windows Server 2016 or later (64-bit)
CI0479_Softalmo,rss00523_CI0479_softalmo_test_sql,Microsoft Windows Server 2016 or later (64-bit)
CI0675_Xplore,eps00032_CI0675_xplore_reco_vocale-1,Microsoft Windows Server 2019 (64-bit)
CI0675_Xplore,eps00033_CI0675_xplore_reco_vocale-2,Microsoft Windows Server 2019 (64-bit)
CI0027_ChimioPharma,rss00058_CI0027_pharma_chimio,Microsoft Windows Server 2016 or later (64-bit)
CI0027_ChimioPharma,rss00153_CI0027_chimio_pharma_web_prod,Ubuntu Linux (64-bit)
CI0027_ChimioPharma,rss00133_CI0027_chimio_pharma_test,Microsoft Windows Server 2016 or later (64-bit)
CI0027_ChimioPharma,rss00533_CI0027_chimio_pharma_web_test,Ubuntu Linux (64-bit)
CI0411_Radius,rss00448_CI0411_radius-2,Microsoft Windows Server 2019 (64-bit)
CI0411_Radius,rss00447_CI0411_radius-1,Microsoft Windows Server 2019 (64-bit)
CI0582_ProjectMonitor,rss00928_CI0582_projectmonitor_web,Ubuntu Linux (64-bit)
CI0582_ProjectMonitor,rss00535_CI0582_projectmonitor_web,Ubuntu Linux (64-bit)
CI0377_Venus,rss00102_oracle_venus_noeud2,Oracle Linux 6 (64-bit)
CI0377_Venus,rss00101_oracle_venus_noeud1,Oracle Linux 6 (64-bit)
CI0227_SQL_Server,rss01076_CI0227_SQL_Prod,Microsoft Windows Server 2022 (64-bit)
CI0227_SQL_Server,rss00268_sql_mirroir_prod_2,Microsoft Windows Server 2008 R2 (64-bit)
CI0227_SQL_Server,rss01075_CI0227_SQL_Prod,Microsoft Windows Server 2022 (64-bit)
CI0227_SQL_Server,rss00303_sql1_prod,Microsoft Windows Server 2012 (64-bit)
CI0227_SQL_Server,rss00304_sql2_prod,Microsoft Windows Server 2012 (64-bit)
CI0227_SQL_Server,rss00267_sql_mirroir_prod_1,Microsoft Windows Server 2008 R2 (64-bit)
CI0227_SQL_Server,rss00532_CI0227_SQL_test,Microsoft Windows Server 2022 (64-bit)
CI0806_ME_MDM,rss00032_CI0806_manageengine_mdm,Microsoft Windows Server 2022 (64-bit)
EPERNAY,eps00011_CI0372_easily_semantic_tst,Microsoft Windows Server 2016 or later (64-bit)
EPERNAY,eps00010_CI0372_easily_tst,Microsoft Windows Server 2016 or later (64-bit)
EPERNAY,eps00003_easily_semantic_prod,Microsoft Windows Server 2012 (64-bit)
EPERNAY,eps00021_easily_web2,Microsoft Windows Server 2016 or later (64-bit)
EPERNAY,eps00024_easily_trt2,Microsoft Windows Server 2016 or later (64-bit)
EPERNAY,eps00001_easily_sql_prod,Microsoft Windows Server 2012 (64-bit)
EPERNAY,eps00020_easily_web1,Microsoft Windows Server 2016 or later (64-bit)
EPERNAY,eps00022_easily_interface,Microsoft Windows Server 2016 or later (64-bit)
EPERNAY,eps00009_CI0372_easily_SQL_tst,Microsoft Windows Server 2016 or later (64-bit)
EPERNAY,eps00023_easily_trt1,Microsoft Windows Server 2016 or later (64-bit)
CI0144_Diamic,rss00241_oracle_diamic_noeud1,Oracle Linux 6 (64-bit)
CI0144_Diamic,rss00242_oracle_diamic_noeud2,Oracle Linux 6 (64-bit)
CI0541_MOLacterium,rss00899_CI0541_molacterium_prod,CentOS 7 (64-bit)
CI0541_MOLacterium,rss00902_CI0541_molactarium_win,Microsoft Windows Server 2019 (64-bit)
CI0541_MOLacterium,rss00553_CI0541_molacterium_test,CentOS 7 (64-bit)
CI0494_Scality,scality-supervisor,CentOS 6 (64-bit)
Netscaler,rss00417_netscaler1_dmz_20230719,FreeBSD (64-bit)
Netscaler,rss00417_netscaler1_dmz_20221213,
CI0649_PowerBI,rss00963_CI0649_PowerBI_MSSQL,Microsoft Windows Server 2019 (64-bit)
CI0649_PowerBI,rss00545_CI0649_PowerBI_MSSQL_test,Microsoft Windows Server 2019 (64-bit)
CI0440_MediCAD,rss00326_CI0440_medicad,Microsoft Windows Server 2012 (64-bit)
CI0471_Demat_mipih,temp_postgres,Microsoft Windows Server 2022 (64-bit)
CI0471_Demat_mipih,rss01017_CI0471_demat_application_03,Microsoft Windows Server 2022 (64-bit)
CI0649_PowerBI,rss00817_infocentre_FDW,Ubuntu Linux (64-bit)
CI0649_PowerBI,rss00969_CI0649_PowerBI,Microsoft Windows Server 2019 (64-bit)
CI0649_PowerBI,rss00544_CI0649_PowerBI_test,Microsoft Windows Server 2019 (64-bit)
CI0400_QL,rss00425_workstation_mipih,Microsoft Windows Server 2012 (64-bit)
CI0028_Chronos,rss00327_CI0028_chronos87_prod,Microsoft Windows Server 2012 (64-bit)
CI0028_Chronos,rss00316_CI0028_chronos87_test,Microsoft Windows Server 2012 (64-bit)
CI0597_myHRA,rss00934_CI0597_myHRA_appli,Ubuntu Linux (64-bit)
CI0597_myHRA,rss00933_CI0597_myHRA_bddd,Ubuntu Linux (64-bit)
CI0597_myHRA,rss00569_CI0597_myhra_test,Ubuntu Linux (64-bit)
CI0029_Clovis,rss00466_CI0029_clovis,Microsoft Windows Server 2003 Standard (32-bit)
NETWORK_CENTRIC,AES_5_5.3_Stanley,Ubuntu Linux (64-bit)
NETWORK_CENTRIC,rss00379_CI0441_CanDiD,CentOS 7 (64-bit)
NETWORK_CENTRIC,rss00539_nginx_reverse_proxy_ijg,Ubuntu Linux (64-bit)
NETWORK_CENTRIC,rss00476_CI0448_itsoluscope,Microsoft Windows Server 2012 (64-bit)
NETWORK_CENTRIC,rss00257_virtusosis_ascenseur,Other 3.x Linux (32-bit)
NETWORK_CENTRIC,rss00264_virtuosis_adminascenseur_rfidpmb,Microsoft Windows Server 2012 (64-bit)
NETWORK_CENTRIC,rsm01410-admin,
NETWORK_CENTRIC,rss00043_syslog,Ubuntu Linux (64-bit)
NETWORK_CENTRIC,rss00561_CI0378_synapse_v7_test,Microsoft Windows Server 2019 (64-bit)
NETWORK_CENTRIC,rss00155_iperf,Microsoft Windows Server 2012 (64-bit)
NETWORK_CENTRIC,rss00876_projeQtOr,Ubuntu Linux (64-bit)
NETWORK_CENTRIC,sexigraf,Debian GNU/Linux 8 (64-bit)
NETWORK_CENTRIC,coredns,Ubuntu Linux (64-bit)
NETWORK_CENTRIC,parsedmarc,Ubuntu Linux (64-bit)
NETWORK_CENTRIC,PAN_MigrationTool31,CentOS 4/5/6 (64-bit)
NETWORK_CENTRIC,mig-scality,Microsoft Windows Server 2016 or later (64-bit)
NETWORK_CENTRIC,acitracker,Ubuntu Linux (64-bit)
NETWORK_CENTRIC,rss00208_citrix_wem,Microsoft Windows Server 2012 (64-bit)
NETWORK_CENTRIC,rss00487_inlog_scanbac,Microsoft Windows Server 2012 (64-bit)
NETWORK_CENTRIC,rss00800_dell_data_protection_advisor,Microsoft Windows Server 2022 (64-bit)
NETWORK_CENTRIC,rss00488_dell_openmanage_enterprise,CentOS 7 (64-bit)
NETWORK_CENTRIC,majise,
NETWORK_CENTRIC,rss00801_dell_data_protection_advisor_datastore,Microsoft Windows Server 2022 (64-bit)
CI0372_Easily,rss00527_semantic_easily_ghsa_tst,Microsoft Windows Server 2016 or later (64-bit)
CI0372_Easily,rss00525_CI0372_sql_easily_ghsa_tst,Microsoft Windows Server 2016 or later (64-bit)
CI0372_Easily,rss00526_CI0372_easily_ghsa_tst,Microsoft Windows Server 2016 or later (64-bit)
CI0510_MindrayTelemetrie,rss01044_CI0510_benevision,Microsoft Windows Server 2019 (64-bit)
CI0792_ABBOTTI-stat,rss01046_CI0792_ABBOTTi-stat,Microsoft Windows Server 2016 or later (64-bit)
CI0004_ActiveDirectory,rss00111_controleur_activedirectory,Microsoft Windows Server 2019 (64-bit)
CI0004_ActiveDirectory,rss00112_controleur_activedirectory,Microsoft Windows Server 2019 (64-bit)
CI0372_Easily,rss00917_script_reprise_donnees,Microsoft Windows Server 2019 (64-bit)
CI0372_Easily,rss00308_interface_easily_prod,Microsoft Windows Server 2012 (64-bit)
CI0372_Easily,rss00065_easily_bi,Microsoft Windows Server 2016 or later (64-bit)
CI0372_Easily,rss00305_web1_easily_prod,Microsoft Windows Server 2012 (64-bit)
CI0372_Easily,rss00306_web2_easily_prod,Microsoft Windows Server 2012 (64-bit)
CI0372_Easily,rss00312_web3_easily_prod,Microsoft Windows Server 2012 (64-bit)
CI0372_Easily,rss00818_easily_cie,Microsoft Windows Server 2016 or later (64-bit)
CI0372_Easily,rss00301_traitement2_easily_prod,Microsoft Windows Server 2012 (64-bit)
CI0372_Easily,rss00309_semantic_easily_prod,Microsoft Windows Server 2012 (64-bit)
CI0372_Easily,rss00307_traitement_easily_prod,Microsoft Windows Server 2012 (64-bit)
CI0372_Easily,rss00099_semantic_easily_test,Microsoft Windows Server 2012 (64-bit)
CI0372_Easily,rss00598_easily_test_bi,Microsoft Windows Server 2016 or later (64-bit)
CI0372_Easily,rss00079_easily_for,Microsoft Windows Server 2012 (64-bit)
CI0372_Easily,rss00080_semantic_easily_for,Microsoft Windows Server 2012 (64-bit)
CI0372_Easily,rss00097_sql_easily_test,Microsoft Windows Server 2012 (64-bit)
CI0372_Easily,rss00078_sql_easily_for,Microsoft Windows Server 2012 (64-bit)
CI0372_Easily,rss00098_easily_test,Microsoft Windows Server 2012 (64-bit)
CI0596_Copilote,rss00947_CI0596_copilote,Microsoft Windows Server 2019 (64-bit)
CI0596_Copilote,rss01028_CI0596_copilote_arsenal,Microsoft Windows Server 2022 (64-bit)
CI0596_Copilote,rss00573_CI0596_copilote_test,Microsoft Windows Server 2019 (64-bit)
CI0462_Jalema,rss00445_CI0462_jalema,Microsoft Windows Server 2012 (64-bit)
CI0462_Jalema,rss00446_CI0462_Jalema_Test,Microsoft Windows Server 2012 (64-bit)
MANAGEMENT,rss00313_passerelle_ssh,Microsoft Windows Server 2012 (64-bit)
CI0425_Prodige,rss00548_CI0425_prodige_test_pgsql,Other 4.x or later Linux (64-bit)
CI0425_Prodige,rss00547_CI0425_prodige_test,Red Hat Enterprise Linux 7 (64-bit)
CI0425_Prodige,rss00293_CI0425_prodige_app-1,Red Hat Enterprise Linux 7 (64-bit)
CI0425_Prodige,rss00288_CI0425_prodige_lb-2,Red Hat Enterprise Linux 7 (64-bit)
CI0425_Prodige,rss00203_CI0425_prodige_pgsql,Other 4.x or later Linux (64-bit)
CI0425_Prodige,rss00287_CI0425_prodige_lb-1,Red Hat Enterprise Linux 7 (64-bit)
CI0425_Prodige,rss00289_CI0425_prodige_ordonnanceur,Red Hat Enterprise Linux 7 (64-bit)
CI0425_Prodige,rss00294_CI0425_prodige_app-2,Red Hat Enterprise Linux 7 (64-bit)
CI0026_Centaure15,rss00087_centaure15,Microsoft Windows Server 2003 Standard (32-bit)
CI0458_Media4Display,rss00353_CI0458_media4display,Microsoft Windows Server 2019 (64-bit)
CI0026_Centaure15,rss00261_oracle_centaure15_noeud1,Oracle Linux 6 (64-bit)
CI0026_Centaure15,rss00262_oracle_centaure15_noeud2,Oracle Linux 6 (64-bit)
Netscaler,rss00415_netscaler1_lan_230306_102251,FreeBSD Pre-11 versions (64-bit)
CI0144_Diamic,rss00967_CI0144_diamic_impression2,Microsoft Windows Server 2019 (64-bit)
CI0144_Diamic,rss00966_CI0144_diamic_impression1,Microsoft Windows Server 2019 (64-bit)
CI0722_DrugCam,rss00380_CI0722_DrugCam,Microsoft Windows Server 2019 (64-bit)
CI0722_DrugCam,rss00574_CI0722_DrugCam_test,Microsoft Windows Server 2019 (64-bit)
CI0784_Formeis,rss01055_CI0784_formeis_web,Ubuntu Linux (64-bit)
CI0578_Winget,rss00927_CI0578_winget,Microsoft Windows Server 2019 (64-bit)
CI0797_Cisco_ISE,rss00034_cisco_ise2,Red Hat Enterprise Linux 8 (64-bit)
CI0797_Cisco_ISE,rss00033_cisco_ise1,Red Hat Enterprise Linux 8 (64-bit)
CI0452_Portail_Formation,rss01043_CI0452_portail_formation,Ubuntu Linux (64-bit)
CI0291_XFrame,rss00421_xframe_xcics,Red Hat Enterprise Linux 6 (32-bit)
CI0291_XFrame,rss00422_xframe_xcics_test,Red Hat Enterprise Linux 6 (32-bit)
CI0713_GIRW220,rss00995_CI0713_girw220,Microsoft Windows Server 2019 (64-bit)
CI0479_Softalmo,rss00052_CI0479_softalmo_prod_interfaces,Microsoft Windows Server 2016 or later (64-bit)
CI0479_Softalmo,eps00017_CI0479_softalmo_interfaces,Microsoft Windows Server 2019 (64-bit)
CI0479_Softalmo,eps00016_CI0479_softalmo_test_interfaces,Microsoft Windows Server 2019 (64-bit)
CI0479_Softalmo,rss00524_CI0479_softalmo_test_interfaces,Microsoft Windows Server 2016 or later (64-bit)
CI0185_LABO_Serveur,rss00989_citrix_inlog,Microsoft Windows Server 2019 (64-bit)
CI0185_LABO_Serveur,rss00990_citrix_inlog,Microsoft Windows Server 2019 (64-bit)
CI0185_LABO_Serveur,rss00986_citrix_inlog,Microsoft Windows Server 2019 (64-bit)
CI0185_LABO_Serveur,rsslabocitrix,Microsoft Windows Server 2019 (64-bit)
CI0185_LABO_Serveur,rss00987_citrix_inlog,Microsoft Windows Server 2019 (64-bit)
CI0185_LABO_Serveur,rss00985_citrix_inlog,Microsoft Windows Server 2019 (64-bit)
CI0185_LABO_Serveur,rss00988_citrix_inlog,Microsoft Windows Server 2019 (64-bit)
CI0403_NetScaler,rss00415_netscaler1_lan,FreeBSD Pre-11 versions (64-bit)
CI0403_NetScaler,rss00416_netscaler2_lan,FreeBSD Pre-11 versions (64-bit)
CI0205_CH400,rss00183_CI0205_ch400,Microsoft Windows Server 2016 or later (64-bit)
CI0029_Clovis,rss00325_oracle_clovis_noeud2,Oracle Linux 6 (64-bit)
CI0029_Clovis,rss00324_oracle_clovis_noeud1,Oracle Linux 6 (64-bit)
CI0490_QlikView,rss00317_CI0490_qlikview,Microsoft Windows Server 2016 or later (64-bit)
CI0032_Cristobal,rss00588_cristobal_test,Microsoft Windows Server 2022 (64-bit)
CI0569_Aerocom,rss00930_CI0569_aerocom,
CI0569_Aerocom,rss01049_CI0569_dongleaerocom,Microsoft Windows Server 2022 (64-bit)
CI0748_Darah,rss00816_CI0748_darah,Ubuntu Linux (64-bit)
CI0004_ActiveDirectory,rss00896_CI0004_keycloak,Ubuntu Linux (64-bit)
CI0175_SapaNet,rss00427_CI0175_sapanet,Microsoft Windows Server 2012 (64-bit)
CI0175_SapaNet,rss00408_CI0175_sapanet_formation,Microsoft Windows Server 2012 (64-bit)
CI0478_sftp,rss00084_CI0478_sftp,Ubuntu Linux (64-bit)
CI0409_APC,rss00900_CI0409_schneider_struxureware_dcexpert,CentOS 4/5/6 (64-bit)
CI0558_xcelera,rss00879_CI0558_xcelera_philips_iscv,Microsoft Windows Server 2016 or later (64-bit)
CI0558_xcelera,rss00579_CI0558_xcelera_philips_iscv_test,Microsoft Windows Server 2016 or later (64-bit)
CI0326_IWS,rss01122_oracle_iws_noeud2,
CI0326_IWS,rss00251_oracle_iws_noeud1,
CI0326_IWS,rss01121_oracle_iws_noeud1,
CI0326_IWS,rss00252_oracle_iws_noeud2,
CI0632_Spark,rss00582_CI0632_spark_test_search,CentOS 7 (64-bit)
CI0326_IWS,rss00251_oracle_iws_noeud1,
CI0326_IWS,rss00252_oracle_iws_noeud2,
CI0144_Diamic,rss00241_oracle_diamic_noeud1,Oracle Linux 6 (64-bit)
CI0144_Diamic,rss00242_oracle_diamic_noeud2,Oracle Linux 6 (64-bit)
CI0110_Urqual,rss00371_oracle_urqual_noeud1,Oracle Linux 6 (64-bit)
CI0110_Urqual,rss00372_oracle_urqual_noeud2,Oracle Linux 6 (64-bit)
CI0336_RenalSoft,rss00315_renalsoft,Microsoft Windows Server 2003 Standard (32-bit)
CI0110_Urqual,rss00371_oracle_urqual_noeud1,Oracle Linux 6 (64-bit)
CI0110_Urqual,rss00372_oracle_urqual_noeud2,Oracle Linux 6 (64-bit)
CI0570_CareEvent,rss00923_CI0570_CareEvent2,
CI0547_Nextcloud,rss01005_CI0547_nextcloud_mariadb1,Ubuntu Linux (64-bit)
CI0547_Nextcloud,rss01006_CI0547_nextcloud_mariadb2,Ubuntu Linux (64-bit)
CI0359_Logipren,rss00868_CI0359_logipren_prod,Microsoft Windows Server 2016 or later (64-bit)
CI0359_Logipren,rss00936_CI0359_logipren_dev_diane,Microsoft Windows Server 2016 or later (64-bit)
CI0359_Logipren,rss00869_CI0359_logipren_test,Microsoft Windows Server 2016 or later (64-bit)
CI0618_Logosw,rss00948_CI0618_logosw,Microsoft Windows Server 2019 (64-bit)
CI0618_Logosw,rss00536_CI0618_logosw_test,Microsoft Windows Server 2019 (64-bit)
CI0410_Avamar,ave-bc_CI0410_avamar_ve_bc,SUSE Linux Enterprise 12 (64-bit)
CI0276_Claroline,rss00093_CI0276_claroline,Ubuntu Linux (32-bit)
RAILS,rss00971_rails_preprod_portail_formation_bdr,Ubuntu Linux (64-bit)
CI0161_Zimbra,zimbra_test_zimlet,Ubuntu Linux (64-bit)
CI0161_Zimbra,rss00068_CI0161_zimbra_store_2,Ubuntu Linux (64-bit)
CI0161_Zimbra,rss00040_CI0161_zimbra_store_3,Ubuntu Linux (64-bit)
CI0161_Zimbra,rss00067_CI0161_zimbra_store_1,Ubuntu Linux (64-bit)
CI0161_Zimbra,rss00037_CI0161_zimbra_open,Ubuntu Linux (64-bit)
CI0702_Datamento,rss00956_CI0702_Datamento,Microsoft Windows Server 2019 (64-bit)
CI0185_LABO_Serveur,cgs00001_inlog_liaison_prod,Microsoft Windows Server 2019 (64-bit)
CI0185_LABO_Serveur,eps00004_inlog_liaison_prod,Microsoft Windows Server 2019 (64-bit)
CI0185_LABO_Serveur,rss00398_inlog_liaison_prod1,Microsoft Windows Server 2019 (64-bit)
CI0185_LABO_Serveur,rss00490_inlog_liaison_prod4,Microsoft Windows Server 2019 (64-bit)
CI0185_LABO_Serveur,rss01019_inlog_liaison_prod_5,Microsoft Windows Server 2019 (64-bit)
CI0185_LABO_Serveur,rss01047_inlog_liaison_3SI,Microsoft Windows Server 2019 (64-bit)
CI0185_LABO_Serveur,rss00495_inlog_liaison_prod7,Microsoft Windows Server 2019 (64-bit)
CI0185_LABO_Serveur,rss01020_inlog_liaison_prod_6,Microsoft Windows Server 2019 (64-bit)
CI0185_LABO_Serveur,rss00484_inlog_liaison_prod2,Microsoft Windows Server 2019 (64-bit)
CI0185_LABO_Serveur,rss01021_inlog_liaison_prod_8,Microsoft Windows Server 2019 (64-bit)
CI0185_LABO_Serveur,rss00485_inlog_liaison_prod3,Microsoft Windows Server 2019 (64-bit)
CI0185_LABO_Serveur,rss00375_inlog_liaison_test,Microsoft Windows Server 2019 (64-bit)
CI0474_Causette,rss00335_CI0474_caussette_rails,Ubuntu Linux (64-bit)
CI0524_eHOP,rss00813_CI0524_ehop_prod_geoloc,CentOS 7 (64-bit)
CI0524_eHOP,rss00983_CI0524_ehop_prod_win,Microsoft Windows Server 2019 (64-bit)
CI0524_eHOP,rss00814_CI0524_ehop_prod_eai,CentOS 7 (64-bit)
CI0524_eHOP,rss00811_CI0524_ehop_prod_app,CentOS 7 (64-bit)
CI0524_eHOP,rss00514_CI0524_ehop_test_eai,CentOS 7 (64-bit)
CI0524_eHOP,rss00511_CI0524_ehop_test_app,CentOS 7 (64-bit)
CI0643_Gestion_Workflow_IIAS,rss00992_CI0643_IIAS_calculateur_2,Ubuntu Linux (64-bit)
CI0499_Teamplay,rss00834_CI0499_siemens_teamplay,Microsoft Windows Server 2012 (64-bit)
CI0536_Rayvolve,eps00029_CI0536_azmed_rayvolve,Ubuntu Linux (64-bit)
CI0635_Intraqual,rss00961_CI0635_intraqual _prod,Microsoft Windows Server 2019 (64-bit)
CI0635_Intraqual,rss00962_CI0635_intraqual_dev_workflow,Microsoft Windows Server 2019 (64-bit)
CI0459_Web100T,rss00915_oracle_web100t_ght,Oracle Linux 6 (64-bit)
CI0459_Web100T,rss00281_oracle_web100t_noeud1,Oracle Linux 6 (64-bit)
CI0459_Web100T,rss00282_oracle_web100t_noeud2,Oracle Linux 6 (64-bit)
CI0543_Egerie,rss00903_CI0543_egerie_v4_prod,
CI0486_WordPress,rss00538_CI0486_WordPress_test,Ubuntu Linux (64-bit)
CI0028_Chronos,rss00970_CI0028_chronos10_prod,Microsoft Windows Server 2019 (64-bit)
CI0028_Chronos,rss00565_CI0028_chronos10_test,Microsoft Windows Server 2019 (64-bit)
CI0356_ezRDM,rss00028_CI0356_dacs_rdm_dosimetrie,Microsoft Windows Server 2012 (64-bit)
CI0536_Rayvolve,rss00909_CI0536_azmed_rayvolve,Ubuntu Linux (64-bit)
NETWORK_CENTRIC,rss00072_alarme_pti,Microsoft Windows Server 2003 Standard (32-bit)
NETWORK_CENTRIC,rss00394_web_services_nlb2,Microsoft Windows Server 2003 Standard (32-bit)
NETWORK_CENTRIC,rss00107_adveez_controle_acces,Ubuntu Linux (64-bit)
NETWORK_CENTRIC,rss00270_pki,Microsoft Windows Server 2012 (64-bit)
NETWORK_CENTRIC,rss00435_CI0608_aq-tools,Ubuntu Linux (32-bit)
NETWORK_CENTRIC,rss00066_visio,Microsoft Windows Server 2003 Standard (32-bit)
NETWORK_CENTRIC,rss00389_phrc,Ubuntu Linux (32-bit)
NETWORK_CENTRIC,rss00460_CI0208_Intranet,Ubuntu Linux (32-bit)
NETWORK_CENTRIC,rss00522_developpement_delphi,Microsoft Windows XP Professional (32-bit)
NETWORK_CENTRIC,rss00358_noyausih,Ubuntu Linux (32-bit)
NETWORK_CENTRIC,rss00035_CI0361_cglide_xmld_mysql,Microsoft Windows Server 2012 (64-bit)
NETWORK_CENTRIC,rss00455_CI0163_moodle,Ubuntu Linux (64-bit)
NETWORK_CENTRIC,rss00128_openfire,CentOS 4/5/6 (64-bit)
NETWORK_CENTRIC,rss00393_web_services_nlb1,Microsoft Windows Server 2003 Standard (32-bit)
NETWORK_CENTRIC,rss00295_storefront_lan,Microsoft Windows Server 2012 (64-bit)
NETWORK_CENTRIC,rss00226_ph7,CentOS 4/5/6 (64-bit)
NETWORK_CENTRIC,rss00038_teamfoundation_biztalk_source,Microsoft Windows Server 2012 (64-bit)
NETWORK_CENTRIC,rss00036_CI0361_cglide,Microsoft Windows Server 2012 (64-bit)
NETWORK_CENTRIC,rss00141_eventlog_collector,Microsoft Windows Server 2012 (64-bit)
NETWORK_CENTRIC,rss00081_CI0393_Titan_Replic,Microsoft Windows Server 2012 (64-bit)
NETWORK_CENTRIC,rss00108_cristalnet,
NETWORK_CENTRIC,rss00296_storefront_lan,Microsoft Windows Server 2012 (64-bit)
NETWORK_CENTRIC,rss00243_CI0116_winrest,Microsoft Windows Server 2008 R2 (64-bit)
NETWORK_CENTRIC,eps00007_CI0340_winifsi,Microsoft Windows Server 2016 or later (64-bit)
NETWORK_CENTRIC,rss00143_CI0116_winrest_test,Microsoft Windows Server 2008 R2 (64-bit)
NETWORK_CENTRIC,hypervtemp,
NETWORK_CENTRIC,rss00077_CI0361_cglide_test,Microsoft Windows Server 2012 (64-bit)
NETWORK_CENTRIC,rss00396_CI0163_moodle_test,Ubuntu Linux (64-bit)
NETWORK_CENTRIC,mssante_centos,CentOS 4/5/6 (64-bit)
NETWORK_CENTRIC,rss00537_nafama_reprise,Debian GNU/Linux 10 (64-bit)
NETWORK_CENTRIC,erspan-ws,Microsoft Windows Server 2012 (64-bit)
NETWORK_CENTRIC,acitoolkit,Ubuntu Linux (64-bit)
NETWORK_CENTRIC,ntopng,Ubuntu Linux (64-bit)
NETWORK_CENTRIC,imapsync-u22,Ubuntu Linux (64-bit)
NETWORK_CENTRIC,vmwconverter,Microsoft Windows Server 2019 (64-bit)
NETWORK_CENTRIC,imapsync,CentOS 4/5/6 (64-bit)
NETWORK_CENTRIC,rss00554_CI0054_hemadialyse_theradom_demo,Microsoft Windows Server 2016 or later (64-bit)
NETWORK_CENTRIC,rss00516_test_ecps,Ubuntu Linux (64-bit)
NETWORK_CENTRIC,mig-isilon,
NETWORK_CENTRIC,rss00046_winm9_a_conserver,
NETWORK_CENTRIC,rss00398_inlog_liaison_prod_1,Microsoft Windows Server 2012 (64-bit)
NETWORK_CENTRIC,rss00457_scanbac,Microsoft Windows Server 2008 R2 (64-bit)
NETWORK_CENTRIC,winmigration,Microsoft Windows Server 2012 (64-bit)
NETWORK_CENTRIC,rss00384_insight_netscaler,FreeBSD (64-bit)
NETWORK_CENTRIC,rss00061_dhcp1,Microsoft Windows Server 2012 (64-bit)
NETWORK_CENTRIC,rss00060_dhcp1,Microsoft Windows Server 2012 (64-bit)
CI0632_Spark,rss01014_CI0632_spark_prod_conv,CentOS 7 (64-bit)
CI0110_Urqual,rss01156_CI0110_urqual_rpu_prod,Microsoft Windows Server 2019 (64-bit)
CI0110_Urqual,rss01155_CI0110_urqual_interface_prod,Microsoft Windows Server 2019 (64-bit)
CI0632_Spark,rss00583_CI0632_spark_test_store,CentOS 7 (64-bit)
GHT_AV,AVI-FS,Microsoft Windows Server 2012 (64-bit)
CI0258_Site_Internet_CHU,rss00385_CI0258_site_internet_chu,Ubuntu Linux (64-bit)
CI0477_IBM_HMC,rss00438_ibm_vHMC,
CI0355_Viewpoint,rss00134_CI0355_viewpoint,Microsoft Windows Server 2012 (64-bit)
CI0355_Viewpoint,rss00570_CI0355_viewpoint_test,Microsoft Windows Server 2019 (64-bit)
CI0264_Vidal,rss00877_CI0264_vidalhoptimal,Ubuntu Linux (64-bit)
CI0432_groupeur_MCO,rss00154_CI0432_groupeur_MCO,Microsoft Windows Server 2016 or later (64-bit)
CI0293_Pharma,rss00509_CI0293_pharma_test_interfaces,Microsoft Windows Server 2022 (64-bit)
CI0263_DKS,rss00231_oracle_dks,Oracle Linux 4/5/6/7 (64-bit)
CI0555_Iias,rss00875_i2as,Ubuntu Linux (64-bit)
CI0520_Sysmex,rss00849_CI0520_sysmex,Microsoft Windows Server 2016 or later (64-bit)
MANAGEMENT,rss00807_dell_openmanage_integration,
CI0718_Gleamer,rss00984_CI0718_gleamer_boneview,CentOS 8 (64-bit)
CI0019_Biztalk,rss01066_CI0019_biztalk_batch_2022,Microsoft Windows Server 2022 (64-bit)
CI0019_Biztalk,rss00439_biztalk_batch,Microsoft Windows Server 2012 (64-bit)
MANAGEMENT,rss00828_hp_ilo_amplifier_pack,Debian GNU/Linux 10 (64-bit)
CI0291_XFrame,rss00336_oracle_xcics_noeud1,Oracle Linux 6 (64-bit)
CI0291_XFrame,rss00339_oracle_xcics_noeud2,Oracle Linux 6 (64-bit)
CI0027_Chimio,rss00506_CI0027_chimio_test_web,Ubuntu Linux (64-bit)
CI0045_EXOS,rss00198_CI0045_exos_stats,Microsoft Windows Server 2012 (64-bit)
CI0632_Spark,rss01012_CI0632_spark_prod_search,CentOS 7 (64-bit)
CI0400_QL,rss00082_CI0400_ql_prod,Red Hat Enterprise Linux 7 (64-bit)
CI0400_QL,rss00082_ql_prod,Red Hat Enterprise Linux 6 (64-bit)
CI0400_QL,rss00083_ql_test,Red Hat Enterprise Linux 6 (64-bit)
CI0400_QL,rss00083_CI0400_ql_test,Red Hat Enterprise Linux 7 (64-bit)
CI0185_LABO_Serveur,rss00885_CI0185_Eurolaboffice,Microsoft Windows Server 2016 or later (64-bit)
CI0399_Isilon,rss00027_CI0399_InsightIQ_4.4.0.50,CentOS 7 (64-bit)
passerelle,RestaurationBureautique,Microsoft Windows Server 2022 (64-bit)
passerelle,majise_restauration,Microsoft Windows Server 2022 (64-bit)
passerelle,passerelle_restauration,Microsoft Windows Server 2022 (64-bit)
CI0242_Medifirst_AMP,rss01024_CI0242_medifirst_amp,
CI0242_Medifirst_AMP,rss00589_CI0242_medifirst_amp_test,
CI0546_TSV,rss00904_CI0546_tsv,Microsoft Windows Server 2019 (64-bit)
CI0122_Citrix,rss00011_citrix_administration,Microsoft Windows Server 2019 (64-bit)
CI0122_Citrix,rss01018_citrix_wem,Microsoft Windows Server 2022 (64-bit)
CI0122_Citrix,vm-mast-2019,Microsoft Windows Server 2019 (64-bit)
CI0122_Citrix,rss00003_citrix_test,Microsoft Windows Server 2019 (64-bit)
CI0377_Venus,rss00104_CI0377_venus_interfaces_new,Microsoft Windows Server 2019 (64-bit)
CI0377_Venus,rss00103_CI0377_venus_application_new,Microsoft Windows Server 2019 (64-bit)
CI0377_Venus,rss00103_CI0377_venus_application,Microsoft Windows Server 2012 (64-bit)
CI0377_Venus,rss00104_CI0377_venus_interfaces,Microsoft Windows Server 2012 (64-bit)
CI0377_Venus,rss00110_CI0377_venus_interfaces_test,Microsoft Windows Server 2012 (64-bit)
CI0377_Venus,rss00109_CI0377_venus_application_test,Microsoft Windows Server 2012 (64-bit)
CI0340_WinIFSI,rss00008_CI0340_winifsi,Microsoft Windows Server 2008 R2 (64-bit)
CI0248_PMB,rss00453_CI0248_pmb,Ubuntu Linux (64-bit)
CI0248_PMB,rss00216_CI0248_pmb_test,Ubuntu Linux (64-bit)
CI0366_Tumorotek,rss00064_CI0366_tumorotek,Ubuntu Linux (64-bit)
CI0366_Tumorotek,rss00064_CI0366_tumorotek_220908_143428,Ubuntu Linux (64-bit)
CI0366_Tumorotek,rss00047_CI0366_tumorotek_test,Ubuntu Linux (64-bit)
CI0144_Diamic,rss00982_CI0144_diamic_liaison_hpv,Microsoft Windows Server 2019 (64-bit)
CI0144_Diamic,rss00968_CI0144_diamic_passerelle,Microsoft Windows Server 2019 (64-bit)
CI0357_GEMwebPlus,rss00491_CI0357_gwp_automates_labo,Red Hat Fedora (32-bit)
CI0357_GEMwebPlus,rss00492_CI0357_gwp_automates_services,Red Hat Fedora (32-bit)
CI0459_Web100T,rss00283_CI0459_web100t_applicatif,Microsoft Windows Server 2016 or later (64-bit)
CI0459_Web100T,rss00284_CI0459_web100t_interfaces,Microsoft Windows Server 2016 or later (64-bit)
CI0459_Web100T,rss00916_web100t_ght,Microsoft Windows Server 2016 or later (64-bit)
CI0459_Web100T,rss00285_CI0459_web100t_traitement,Microsoft Windows Server 2019 (64-bit)
CI0459_Web100T,rss00489_CI0459_web100t_test,Microsoft Windows Server 2016 or later (64-bit)
CI0459_Web100T,rss00528_CI0459_web100t_recette,Microsoft Windows Server 2016 or later (64-bit)
CI0464_Moodle,rss01027_CI0464_moodle_2,Ubuntu Linux (64-bit)
CI0784_Formeis,rss01054_CI0784_formeis_base,Microsoft Windows Server 2022 (64-bit)
CI0750_Hopopop,rss01016_CI0750_hopopop,Ubuntu Linux (64-bit)
CI0417_Medilog_Darwin,rss00176_CI0417_medilog_darwin,Microsoft Windows Server 2012 (64-bit)
CI0425_Prodige,rss00291_oracle_prodige_noeud1,Oracle Linux 6 (64-bit)
CI0425_Prodige,rss00292_oracle_prodige_noeud2,Oracle Linux 6 (64-bit)
CI0045_EXOS,rss00277_CI0045_exos_ers_distant,Microsoft Windows Server 2019 (64-bit)
CI0045_EXOS,rss00279_CI0045_exos_ers_distant,Microsoft Windows Server 2019 (64-bit)
CI0045_EXOS,rss00278_CI0045_exos_ers_distant,Microsoft Windows Server 2019 (64-bit)
CI0542_Controle_de_gestion_bdr,rss00908_CI0542_controle_de_gestion_bdr_2,Ubuntu Linux (64-bit)
NETWORK_CENTRIC,rss00960_bioinfo,Ubuntu Linux (64-bit)
NETWORK_CENTRIC,rss01001_CI0004_controleur_activedirectory_admin,Microsoft Windows Server 2022 (64-bit)
NETWORK_CENTRIC,rss00259_cortex_broker,Ubuntu Linux (64-bit)
NETWORK_CENTRIC,rss00388_CI0706_roche_vconnect,Microsoft Windows Server 2019 (64-bit)
NETWORK_CENTRIC,rss00152_CI0638_stockage_etudes_portefaix,Microsoft Windows Server 2019 (64-bit)
NETWORK_CENTRIC,passerelle_restauration,Microsoft Windows Server 2022 (64-bit)
NETWORK_CENTRIC,templace_ol85_x64_oracle_grid_19.3.0.0,Oracle Linux 8 (64-bit)
NETWORK_CENTRIC,template_windows_2019_1809_US_std_202302,
NETWORK_CENTRIC,testlabotemp,Microsoft Windows Server 2019 (64-bit)
NETWORK_CENTRIC,windows10_2019_ltsc_webex,Microsoft Windows 10 (64-bit)
NETWORK_CENTRIC,rss00586_CI0746_hubmail,Ubuntu Linux (64-bit)
NETWORK_CENTRIC,d42win2022_emilietest2,Microsoft Windows Server 2022 (64-bit)
NETWORK_CENTRIC,d42win2022_emilietest,Microsoft Windows Server 2022 (64-bit)
NETWORK_CENTRIC,zimbra10,Ubuntu Linux (64-bit)
NETWORK_CENTRIC,elastic-2,Ubuntu Linux (64-bit)
NETWORK_CENTRIC,D42-RC-17.02.00,CentOS 7 (64-bit)
NETWORK_CENTRIC,rss00819_device42_WDS,Microsoft Windows Server 2022 (64-bit)
NETWORK_CENTRIC,majns,Microsoft Windows Server 2022 (64-bit)
NETWORK_CENTRIC,rss00888_device42,CentOS 7 (64-bit)
NETWORK_CENTRIC,ora19_golden_factory,Oracle Linux 8 (64-bit)
NETWORK_CENTRIC,oracle_proxy,Ubuntu Linux (64-bit)
NETWORK_CENTRIC,elastic-1,Ubuntu Linux (64-bit)
NETWORK_CENTRIC,zimbra_GHSA,
CI0110_Urqual,rss00542_CI0110_urqual_rpu_qualif,Microsoft Windows Server 2019 (64-bit)
CI0110_Urqual,rss00540_CI0110_urqual_parametrage,Microsoft Windows Server 2019 (64-bit)
CI0110_Urqual,rss00541_CI0110_urqual_interface_qualif,Microsoft Windows Server 2019 (64-bit)
CI0594_E-Reva,rss00931_CI0594_ereva,Microsoft Windows Server 2019 (64-bit)
CI0484_KIESTRA,rss00126_CI0484_pilot4lab,Microsoft Windows Server 2012 (64-bit)
CI0484_KIESTRA,rss00558_CI0484_Pilot4lab_test,Microsoft Windows Server 2012 (64-bit)
CI0004_ActiveDirectory,rss00994_CI00004_azureadconnect,Microsoft Windows Server 2019 (64-bit)
CI0243_Medifirst_Genetics,rss01025_CI0243_medifirst_genetics,Other Linux (64-bit)
CI0779_POCcelerator,rss01042_CI0779_poccelerator_analytics,Microsoft Windows Server 2019 (64-bit)
CI0528_SRI,rss00822_oracle_sri_noeud2,Oracle Linux 6 (64-bit)
CI0528_SRI,rss00821_oracle_sri_noeud1,Oracle Linux 6 (64-bit)
CI0019_Biztalk,rss00124_eai_biztalk_noeud1,Microsoft Windows Server 2016 or later (64-bit)
CI0019_Biztalk,rss00125_eai_biztalk_noeud2,Microsoft Windows Server 2016 or later (64-bit)
NETWORK_CENTRIC,rss00501_cernerdb,Oracle Linux 4/5/6/7 (64-bit)
NETWORK_CENTRIC,rss00377_oracle_transition,
NETWORK_CENTRIC,rss01192_oracle_diane_noeud2,Oracle Linux 6 (64-bit)
NETWORK_CENTRIC,rss01191_oracle_diane_noeud1,Oracle Linux 6 (64-bit)
NETWORK_CENTRIC,rss00412_oracle_sim_noeud2,Oracle Linux 4/5 (64-bit)
NETWORK_CENTRIC,rss00411_oracle_sim_noeud1,Oracle Linux 4/5 (64-bit)
NETWORK_CENTRIC,rss00341_oracle_inlog_noeud1,Oracle Linux 4/5/6/7 (64-bit)
NETWORK_CENTRIC,rss00274_oracle_winrest_noeud1,Oracle Linux 6 (64-bit)
NETWORK_CENTRIC,rss00276_oracle_winrest_noeud2,Oracle Linux 6 (64-bit)
NETWORK_CENTRIC,rss00342_oracle_inlog_noeud2,Oracle Linux 4/5/6/7 (64-bit)
CI0316_ePHRC,rss00389_phrc_16,Ubuntu Linux (64-bit)
CI0404_Apx,rss00310_CI0404_apx_prod,Microsoft Windows Server 2016 or later (64-bit)
CI0404_Apx,rss00314_CI0404_apx_test,Microsoft Windows Server 2016 or later (64-bit)
CI0494_Scality,scality-connector-02,CentOS 6 (64-bit)
CI0494_Scality,scality-connector-06,CentOS 6 (64-bit)
CI0494_Scality,scality-connector-01,CentOS 6 (64-bit)
CI0494_Scality,scality-connector-03,CentOS 6 (64-bit)
CI0494_Scality,scality-connector-05,CentOS 6 (64-bit)
CI0494_Scality,scality-connector-04,CentOS 6 (64-bit)
CI0697_Steelco,rss00959_CI0697_steelco,Microsoft Windows Server 2019 (64-bit)
CI0773_Philips_XperIM,rss01030_CI0773_Datacenter,Microsoft Windows Server 2019 (64-bit)
CI0773_Philips_XperIM,rss01029_CI0773_IBE,Microsoft Windows Server 2019 (64-bit)
CI0263_DKS,rss00334_CI0263_dks,Microsoft Windows Server 2008 (64-bit)
CI0715_Castel,rss00263_CI0715_castel_suite,Microsoft Windows Server 2019 (64-bit)
CI0538_PRI,rss00895_CI0538_pri,Microsoft Windows Server 2019 (64-bit)
CI0538_PRI,rss00919_CI0538_PRI_xda_lite,
CI0538_PRI,rss00910_CI0538_pri_2,Microsoft Windows Server 2019 (64-bit)
